Year-Month,Export_Quantity_(Kg),Export_Price_(Rs.),High_Grown_Quantity_(Kg),Medium_Grown_Quantity_(Kg),Low_Grown_Quantity_(Kg),Avg_Exchange_Rate,FEE_(USD)
2012-01,21824945,497.66,5361185.05,3652353.15,14348315.9,113.942069,95323897.66
2012-02,22448624,509.15,5538399.31,3955745.75,13133213,114.1020417,100171011.3
2012-03,27702254,536.71,6385525.09,4625138.9,17929328,114.1020417,74340383.72
2012-04,23290994,540.91,7323011,5748401.2,16982493.5,114.1020417,62991657.82
2012-05,30004885,567.32,8726319.7,5898297.1,18086627.25,114.1020417,85111856.79
2012-06,22804265,553.03,5963710.45,3842289.7,16737376,130.3009,96787072.64
2012-07,25761299,555.55,4064094.35,3429525.6,17506502,130.3009,71558448.3
2012-08,21064283,561.75,5372381.95,4358458,16139942,130.3009,59164304.88
2012-09,30620887,570.06,4906061.7,3517426.01,19011266.1,132.2338,132006664.3
2012-10,24246574,576.88,5860294.5,4052676.95,17499597,128.57875,108784411.2
2012-11,26691110,578.85,7434168.5,5325504.6,17875049,130.8749,118052804.8
2012-12,29741744,561.72,6707435.15,4227311.7,16871608.5,130.8749,83532662.2
2013-01,21545846,570.53,5516583.1,3454917.85,14769561.5,127.03815,96762677.34
2013-02,21258206,588.62,6146601.26,3948221.15,15087812,127.03815,62565026.08
2013-03,26208712,592.03,7802550.5,5582222.95,19361765.75,127.03815,77581718.83
2013-04,21259940,603.96,8683402.7,6316905.7,18865238,125.8576,102021279.3
2013-05,25927653,595.23,8283202.32,6074423.5,19296436.5,125.8576,77164584.48
2013-06,24250860,587.6,4645218.55,4123825.9,16102139.3,128.0652667,111269868.1
2013-07,29080647,583.6,3289154.9,3319741.75,16027189.54,131.5502,129011324.9
2013-08,30507102,587.02,5317181.76,4365973.95,16910903.26,132.0209225,135647279.8
2013-09,28032921,634.27,5862577,4007956.5,15319407.17,132.47786,134214432.5
2013-10,28189359,656.24,6247353.54,4837279.91,19472377.54,131.0848833,141122183.4
2013-11,26612935,680.11,7534441.13,5206138.86,17993244.53,131.0991929,138061286.5
2013-12,28270703,661.47,6448543.64,4889753.8,18916239.46,130.841305,142922924.2
2014-01,21213441,683.17,6385873,3737903,15392821,130.7561905,110835184.4
2014-02,21839202,664.55,5445202,3322063,13832658,130.8284529,110933373.9
2014-03,29829221,645.29,6286805,4093831,15379954,130.6212119,147361196.1
2014-04,22835096,643.25,7510259,4240054,17772459,130.6168395,112456215.9
2014-05,27414368,641.5,10004451,6613542,22625700,130.4449474,134817924.5
2014-06,29769048,640.85,8074759,4753911,18167455,130.2894125,146423980.6
2014-07,28899297,634.1,5758869,3885244,19359634,130.2330227,140709659.1
2014-08,26684609,651.44,4187078,2760640,16877253,130.1761095,133537726.3
2014-09,25991985,641.56,5613476,4021652,19451044,130.2421929,128033915.4
2014-10,26426700,632.75,6497528,4190602,17504652,130.6309275,128005631.9
2014-11,28109170,612.31,7274890,4492329,18209669,131.08135,131304154.9
2014-12,28873088,608.99,5835008,3093491,15378825,131.7300955,133480673.5
2015-01,23864105.67,602.79,4853340,3194718,15252077,132.5710947,108508150.2
2015-02,22900629.76,601.3,6293412,4398983,14920546,133.1429971,103423754.8
2015-03,24387468.77,587.57,6938414,4788305,18710443,133.2818929,107511566
2015-04,22428859.66,583.05,8300502,5685615,17641071,133.4628605,97983413.31
2015-05,26886641.03,586.41,8216222,5339899,18875640,134.7326816,117021312
2015-06,27128866.72,576.59,7638658,4829657,17111042,134.1828905,116573977.6
2015-07,27989639.43,578.45,5100175,3827270,17387424,133.6664286,121126950.9
2015-08,20683618.49,571.09,4743767,3551565,18131177,134.0428167,88122646.01
2015-09,23925912.58,590.16,5857291,4043581,17312479,138.8706643,101678181.2
2015-10,28285807.62,567.77,6160253,4304333,16404965,140.8174643,114047167.9
2015-11,25752021.37,573.38,5917264,3736684,15684341,141.9926105,103989172.1
2015-12,24672909.6,582.59,5406987,3265227,14947739,143.4063762,100233970
2016-01,23478578.08,583.26,5525842,3650049,16043946,143.980495,95110906.87
2016-02,22988086.2,591.93,5399367,3505810,14085593,144.1639342,94387947.57
2016-03,25907039.24,583.37,5259465,3553232,13395289,145.3331275,103991359.3
2016-04,21687809.15,596.06,6847524,4447144,16042604,144.9418611,89189109.5
2016-05,20776468.01,607.89,8320511,5147250,17355778,145.85061,86594133.12
2016-06,27934557.96,611.15,5037516,4026205,16611143,146.03125,116907888.5
2016-07,25070339.46,598.29,4527300,3283520,13702989,146.1245289,102647608.2
2016-08,24531146.61,619.57,4080530,3252603,15923187,145.4822318,104471606.7
2016-09,24692886.41,648.71,3971996,2974192,13005769,145.6592275,109972588.9
2016-10,22332734.17,680.79,3390811,2336707,12977917,147.0080286,103422256.9
2016-11,19739714.54,720.69,5921708,3885703,17904691,148.312469,95920558.56
2016-12,21734918.89,715.05,6142174,4447784,16589737,149.2612105,104123192.5
2017-01,19560847.46,746.59,4627708,2795115,14263667,150.0524643,97325513.28
2017-02,21820415.99,757.76,3993644,2714105,11905178,150.9063944,109568838.9
2017-03,24732717.81,774.54,6046666,4497762,16032936,151.7325152,126251642.4
2017-04,19411920.37,812.7,8385882,5299646,19259103,152.2029559,103651519.7
2017-05,23303261.63,821.03,7660280,4958316,17098402,152.4902675,125468183.7
2017-06,25072546.83,811.39,5144371,3941501,18154054,152.8788375,133070175.7
2017-07,25710190.66,816.07,4889831,3735752,17084912,153.5112738,136676054.9
2017-08,23758691.71,799.52,4177946,3401523,17281482,153.0600659,124105194.1
2017-09,24684203.92,810.47,4822555,3601988,17311333,152.7791263,130945942.9
2017-10,24640862.42,811.18,4973080,3683394,17062971,153.4148875,130288364.5
2017-11,22571899.19,816.35,5193621,3568752,16219347,153.5074071,120037008.3
2017-12,22927592.95,803.88,4728015,3456739,15748232,153.029035,120441414.4
2018-01,20348215.02,810.67,5177373,3278129,16087615,153.6807625,107337360.9
2018-02,20881329.49,834.42,5032947,3192765,12957173,154.7233,112612637.9
2018-03,25143279.44,818.52,6257310,4089117,18261664,155.576185,132284238
2018-04,19989341.96,814.49,7461180,4872604,15684552,156.0349158,104342794.4
2018-05,22174137.48,818.23,7404751,5359935,19770446,157.65975,115080383.6
2018-06,23946806.74,822.13,4782273,3629481,14854870,158.8659921,123924497.4
2018-07,24058528.37,780.21,3816781,3587480,16520444,159.1256214,117961546.7
2018-08,22915516.14,767.54,3690803,3015980,14857009,160.1091386,109853662.4
2018-09,24873414.54,772.13,4063313,3248922,12075127,164.3785895,116837050.6
2018-10,22423967.78,833.49,7160247,5078431,17475453,170.9593068,109325156.1
2018-11,20583272.17,841.87,4924348,3836784,16131773,176.6180289,98112516.85
2018-12,24439565.77,820.65,5198619,3941351,17167184,179.922335,111472150.7
2019-01,22677314.8,838.69,4862498,3767130,14722855,181.8684614,104576884.9
2019-02,22604404.41,826.47,4220161,3391721,14104688,178.5411389,104636176.5
2019-03,25329458.5,831.36,5701796,4441894,18212707,178.2049842,118166720.8
2019-04,20177028.34,817,5308112,3760269,14568095,174.7470275,94334263.59
2019-05,25738047.96,816.89,8090527,5764378,20396821,176.2660071,119280820.7
2019-06,23301690.64,808.42,6343167,4560392,16627289,176.4637789,106750251.3
2019-07,23959588.42,773.47,5379462,3983081,16610767,175.8678864,105374683.5
2019-08,25449221.78,789.86,4871773,3887641,17442073,177.8842025,113002290.4
2019-09,24071163.1,786.32,3879344,3268112,14770567,180.6090725,104798926.8
2019-10,25124027.12,781.95,3568579,3349151,14345677,181.2971674,108362051.6
2019-11,21312837.9,813.48,6550656,4160108,13315362,180.3050105,96156880.63
2019-12,23088174.89,789.62,4270633,2838194,14784992,181.12434,100653974.3
2020-01,21349746.35,800.05,5085171,3519689,13338052,181.3378857,94193579.57
2020-02,22821578.75,808.06,4548531,3388080,10276682,181.5135083,101596873.4
2020-03,13258752.16,819.73,3442723,2688075,7395238,184.7721618,58821614.71
2020-04,17723181.89,826.15,4180458,3078744,13563444,193.4117444,75703813.96
2020-05,21961228.22,887.46,6788532,5971322,15843192,187.3207235,104044609.8
2020-06,22811009.03,891.62,7358261,4486521,15512288,185.8685714,109425448.9
2020-07,26886016.68,854.02,5869909,4276074,16333720,185.823913,123564268.9
2020-08,21342566.74,851.86,4138376,3416123,14901637,184.89625,98330165.72
2020-09,23467652.55,858.38,4219565,3471742,14345821,184.9709524,108904470.3
2020-10,22270146.18,882.24,4570641,3580748,15693400,184.4105,106542814.9
2020-11,19347560.81,861.91,5502338,4129846,15279668,184.8504762,90212676.11
2020-12,23335778.02,871.05,6537989,4725292,17393872,187.407619,108462129.5
2021-01,20055466.74,910.47,4826484,3305149,14913562,192.3457974,94932673.61
2021-02,22442529.6,922.8,4590738,3588384,14200275,194.607775,106419007.7
2021-03,24817180.79,934.88,6474028,5006587,16930374,197.5475682,117445566.1
2021-04,15715541.26,940.46,6850518,5497243,17239746,198.2012778,74569841.82
2021-05,22961057.72,896.68,7176417,5910791,17288611,199.739825,103077697.4
2021-06,26044843.96,903.15,5908146,4472658,15556888,200.3724429,117393392.5
2021-07,24769974.31,880.87,5798600,4783750,15582615,200.4204,108866798.3
2021-08,24730451.48,891.92,4993739,3830891,14875463,200.5430909,109989250.6
2021-09,22620033.82,873.58,4105984,3671696,14786344,200.7794048,98418506.46
2021-10,23590363.49,887.86,4774736,4016782,15205413,200.75,104333450.2
2021-11,24933063.33,899.77,4127663,3228016,12647820,200.75,111751045.5
2021-12,23318706.05,901.5,4510771,3201506,12705216,200.75,104716381.1
2022-01,18774112.16,924.36,5450228,3891205,13475781,200.75,86446019.01
2022-02,20527453.32,947.56,4336674,2816892,11009892,200.75,96891624.75
2022-03,22351677.74,1026.69,5033743,3473041,13509104,257.387781,89158249.6
2022-04,17680339.56,1376.68,5701102,4155560,13052927,325.2822944,74827835.03
2022-05,19027833.76,1679.29,6396596,4797854,14844841,361.8331222,88309358.63
2022-06,22712799.37,1740.53,4055137,2966624,13127004,361.242231,109434349.9
2022-07,22070134.74,1824.78,4087998,2895363,12877521,362.784635,111011152.6
2022-08,22214627.74,1904.92,3392650,2463725,12420516,363.0304705,116566217.2
2022-09,20784280.32,1952.32,4733873,3521068,12708395,364.2031386,111414652.6
2022-10,18313385.52,2046.32,3955169,3059949,11736446,365.3247684,102580088.4
2022-11,18541930.65,1959.7,4345969,3093063,12805882,366.2916905,99201326.26
2022-12,18647687.27,1981.28,4318277,2908277,12274848,366.3645425,100845703
2023-01,16780982.97,2028.8,3602233,2465070,13070219,365.9046025,93044083.12
2023-02,17685643.28,2013.36,4287367,3069724,11358162,364.564625,97671480.75
2023-03,17382898.45,1987.75,4662823,3571941,13101506,329.8047409,104767615.8
2023-04,15278153.66,1827.11,6154178,4472486,14102060,320.9106938,86986404.25
2023-05,19275976.07,1734.93,7008245,4816364,14699890,309.7667238,107960173.2
2023-06,20745187.65,1538.95,5608026,4075834,13313470,302.2415225,105630114.2
2023-07,21938559.39,1570.83,4359540,3336171,13679428,319.444155,107880350
2023-08,22467812.21,1598.47,4175773,2985110,11091047,321.4287571,111732765
2023-09,22133218.37,1634.89,4272729,3038078,11412703,322.7810684,112105017.7
2023-10,17467170.3,1673.84,4122476,3914332,14815431,324.6916023,90046210.4
2023-11,20410980.31,1691.13,4528496,3398725,11658966,328.1801477,105178882.3
2023-12,19893383.16,1711.03,4585022,2965383,12258592,326.7032105,104186840.8
